,,,,Biggest Riser,Biggest Faller,,,,,,,
,,,,,,,,Penalties,,,,
Rank,Change,Manager,Previous Season Total,GW Points (Site),Final GW Points,GW Rank,Overall Points,Inactive Players (+9 per),C/VC Failure to Play (+15),Hits (+4 each),Bank Over 3.0 (+25),Chip Penalty (+25 per chip)
1,0,u/ geoff_dreadnaught,52,27,27,11,79,,,,,
2,2,u/ TheSilentPerogy,61,26,26,7,87,,,,,
3,0,u/ rnisto,57,32,32,30,89,,,,,
4,4,Andrew Smith,72,23,23,3,95,,,,,
5,-3,Luke Graham,56,36,45,66,101,1,,,,
5,10,Ben Iaconelli,75,26,26,7,101,,,,,
5,23,Martin Anti,82,19,19,2,101,,,,,
8,15,u/dreamhaland .,80,23,23,3,103,,,,,
9,6,Jay Ztenberg,75,32,32,30,107,,,,,
10,18,u/ pop88,82,26,26,7,108,,,,,
11,4,Jacob Miller,75,36,36,38,111,,,,,
11,17,First Last,82,29,29,16,111,,,,,
13,-1,E B,74,39,39,51,113,,,,,
14,-9,Vida Fiveltun,67,48,48,82,115,,,,,
14,6,Eli Bourchier,79,36,36,38,115,,,,,
14,27,knox vx,92,23,23,3,115,,,,,
17,17,u/ Wiseoldgoat,87,29,29,16,116,,,,,
18,18,Eleanor McEvoy,88,29,29,16,117,,,,,
19,-13,u/ Irctouan,69,50,50,90,119,,,,,
19,1,Yurt Yurt,79,40,40,53,119,,,,,
19,17,Iain u/Re1d,88,31,31,25,119,,,,,
19,19,Mr Tilburn,90,29,29,16,119,,,,,
23,1,Elfin Priest,81,40,40,53,121,,,,,
24,-16,Sivakumar Shankar,72,50,50,90,122,,,,,
24,-16,u/ BartimaeusJr,72,50,50,90,122,,,,,
24,-12,James Smith,74,48,48,82,122,,,,,
27,-8,u/ Franzys,77,46,46,72,123,,,,,
28,14,u/ jogonumug,93,31,31,25,124,,,,,
28,17,D L,94,30,30,21,124,,,,,
28,30,u /Trustme_I_lie,106,18,18,1,124,,,,,
31,-7,Cheg Abraham,81,36,45,66,126,1,,,,
31,-7,Hans Wendt,81,45,45,66,126,,,,,
33,-15,Zeeshan Kisat,76,42,51,95,127,1,,,,
33,-13,u/Milan_p98 .,79,48,48,82,127,,,,,
33,-2,u/ stanleymanly3,83,44,44,63,127,,,,,
33,6,Timon Zimmermann,91,27,36,38,127,1,,,,
33,9,Esh Lampar,93,34,34,34,127,,,,,
38,17,James Coppard,102,27,27,11,129,,,,,
39,-32,u/ ramnarayan93,71,60,60,121,131,,,,,
39,-27,Andrew Richardson,74,57,57,114,131,,,,,
39,-6,Anti CC,86,36,45,66,131,1,,,,
42,3,u/ stovvve,94,39,39,51,133,,,,,
43,-32,Johnny JJ Watcher,73,52,61,122,134,1,,,,
43,-19,Sean McGee,81,35,53,100,134,2,,,,
45,2,Justin Pool,97,38,38,47,135,,,,,
45,10,Natasa Pantelic,102,33,33,33,135,,,,,
47,13,Mick Maclean,108,28,28,14,136,,,,,
48,-17,yay christian,83,54,54,104,137,,,,,
48,4,u/ maxidix,101,18,36,38,137,2,,,,
50,-3,u/Meister_ Pumuckl,97,41,41,58,138,,,,,
51,-12,u/ SurfingEagle,91,31,49,87,140,2,,,,
52,9,Asadullah Hill Galib,109,32,32,30,141,,,,,
53,-19,u/ hxde,87,37,55,110,142,2,,,,
53,-6,U/ akauf,97,45,45,66,142,,,,,
53,2,aaaaanti temp,102,40,40,53,142,,,,,
56,-14,Jay A,93,42,51,95,144,1,,,,
56,-4,Ran Out Of Names,101,43,43,62,144,,,,,
56,9,Anti Hewlett,113,31,31,25,144,,,,,
56,18,Sanath V,115,29,29,16,144,,,,,
56,22,David Chichop,117,27,27,11,144,,,,,
61,-10,tanmoy kakoti,98,32,50,90,148,2,,,,
61,3,Gavin Tuttle,112,36,36,38,148,,,,,
63,-11,u/ Guns__n__Moses,101,51,51,95,152,,,,,
63,25,P Andre,121,31,31,25,152,,,,,
65,13,U/ MariachiDesperado,117,27,36,38,153,1,,,,
66,34,Santiago Martinez,129,25,25,6,154,,,,,
67,27,KungFu Kenny,125,30,30,21,155,,,,,
68,14,Luke Stanton,119,37,37,46,156,,,,,
69,-10,Anas Ouafi,107,41,50,90,157,1,,,,
69,-8,Danny Wakeling,109,48,48,82,157,,,,,
69,19,Paolina La De Barrio,121,36,36,38,157,,,,,
72,-1,/u eramit2010,114,36,45,66,159,1,,,,
72,22,Stuart Semple,125,34,34,34,159,,,,,
74,-9,u/ RedOnionBag,113,47,47,76,160,,,,,
74,26,u/ Rajini_Niranjan,129,31,31,25,160,,,,,
76,-5,u/ StyrmanAllan,114,47,47,76,161,,,,,
77,0,Mike Riordon,116,46,46,72,162,,,,,
78,33,Anti Fantasy Kharoub,134,30,30,21,164,,,,,
79,27,Mark Applin,130,35,35,36,165,,,,,
80,-33,u/ kcostell,97,51,69,126,166,2,,,,
80,-9,u/Rembata 37,114,48,52,99,166,,,4,,
80,-6,/u/The_Brutal_ King,115,51,51,95,166,,,,,
83,-18,Ankit Sinha,113,54,54,104,167,,,,,
83,-18,Ant I,113,54,54,104,167,,,,,
83,-18,u/ jollyspiffing,113,54,54,104,167,,,,,
83,2,Megan Fowler,120,38,47,76,167,1,,,,
87,-24,Ryland A,111,57,57,114,168,,,,,
87,4,ahmed Abuhashem,122,46,46,72,168,,,,,
87,23,ug pom,132,36,36,38,168,,,,,
90,10,u/ StacyVD,129,40,40,53,169,,,,,
90,26,K S,141,28,28,14,169,,,,,
90,29,Aymen Moh,143,26,26,7,169,,,,,
93,-19,u/ Coolica1,115,55,55,110,170,,,,,
94,-14,Sanath Kuppa,118,46,55,110,173,1,,,,
94,18,u/ savage9645,135,38,38,47,173,,,,,
96,-8,u/ Cardozosmash,121,53,53,100,174,,,,,
96,0,u/ Bluebell487,127,38,47,76,174,1,,,,
96,10,Elliot Belgrave,130,44,44,63,174,,,,,
99,-14,u/ deathbyfish13,120,55,55,110,175,,,,,
99,1,Jesus Reverb,129,46,46,72,175,,,,,
101,-19,u/higgsboson245 antifpl,119,53,57,114,176,,,4,,
101,-3,Toad Toad,128,48,48,82,176,,,,,
101,-1,u/ mcy19,129,47,47,76,176,,,,,
101,15,u/ dooooonald1,141,26,35,36,176,1,,,,
105,4,u/rogue1was agreatfilm,131,47,47,76,178,,,,,
106,-15,metal_ cleats,122,58,58,120,180,,,,,
107,-14,/u/ hoodiefx14,124,57,57,114,181,,,,,
107,-11,Mitesh Bhatt,127,36,54,104,181,2,,,,
107,7,John Grant,140,41,41,58,181,,,,,
110,-30,u/ Elixire,118,65,65,125,183,,,,,
110,-10,Jacob L,129,45,54,104,183,1,,,,
110,-4,Saki MayGnomeParamBill,130,29,53,100,183,1,15,,,
113,7,Soli Abdelhakam,144,40,40,53,184,,,,,
114,-16,Ro Co,128,58,62,123,190,,,4,,
114,11,taco Mac Arthur,152,38,38,47,190,,,,,
116,4,Orey Higgins,144,49,49,87,193,,,,,
117,9,Egert Hainla,156,32,41,58,197,1,,,,
118,-2,JBCG Gerrard-Lampard,141,57,57,114,198,,,,,
118,14,R P,168,30,30,21,198,,,,,
120,4,Gerson Bedoya,150,49,49,87,199,,,,,
120,8,Tarush Bhatia,161,38,38,47,199,,,,,
122,-9,Sammy Adil,136,64,64,124,200,,,,,
122,1,Jayden :))))))),147,53,53,100,200,,,,,
124,-39,u/ benicspo,120,64,82,130,202,2,,,,
125,5,Jeppe Persreik√§,162,42,42,61,204,,,,,
126,5,Sam Ho,166,44,44,63,210,,,,,
127,-13,Jayanth Gillella,140,72,72,129,212,,,,,
128,-1,Zoran Kiralj,157,37,57,114,214,,,20,,
129,-7,Matthew Nyaanga,146,61,70,127,216,1,,,,
130,2,Mick Cosier,168,53,71,128,239,2,,,,
131,3,brian Ndungu,197,74,83,131,280,1,,,,